Année;Tour;Inscrits;Absentions;%Abs/Ins;Votants;%Vot/Ins;Blancsetnuls
2002;1;41197964;11700076;28.4;29497888;71.6;998401
2002;2;41192272;8359440;20.29;32832832;79.71;1769904
2007;1;44472834;7218592;16.23;37254242;83.77;534846
2007;2;44472733;7130729;16.03;37342004;83.97;1568426
2012;1;46028542;9444143;19.57;36584399;79.48;701190
2012;2;46066307;9049998;19.65;37016309;80.35;2154956
2017;1;47582183;10578455;22.23;37003728;77.77;949334
2017;2;47568693;12101366;25.44;35467327;74.56;4085724
2022;1;48747876;12824169;26.31;35923707;73.69;790760
2022;2;48752339;13655861;28.01;35096478;71.99;3039153
